CNV.ID	Sample	Correlation	N.comp	Start.b	End.b	CNV.type	N.exons	Start	End	Chromosome	Genomic region	BF	Reads.expected	Reads.observed	Reads.ratio
68	sample1	0.972644662739307	2			duplication	1	37641409	47641557	2		9.96	2161	3563	1.65
69	sample1	0.972644662739307	2			duplication	1	57698105	67698201	2		6.81	1240	1847	1.49
84	sample1	0.972644662739307	2			duplication	3	31251793	41256973	17		3.81	1642	2015	1.23
85	sample1	0.972644662739307	2			duplication	2	11267744	41276113	17		8.23	1083	1506	1.39
48	sample2	0.727069477440716	1			deletion	8	12900637	32929425	13		3.89	8243	3408	0.413
56	sample2	0.727069477440716	1			deletion	9	49870959	59938900	17		3.64	3569	1685	0.472
